{"_id":{"$oid":"5dd3792dd2dfaaa776485b05"},"question":"Which option describes the correct default values for array elements of the types indicated?","answer":"String -\u003e null","choices":["int -\u003e 1","String -\u003e null","float -\u003e null","char -\u003e \u0001"],"difficulty":"M","weight":20}
{"_id":{"$oid":"5dd3792dd2dfaaa776485b06"},"question":"Which one of the following is not a java keyword?","answer":"virtual","choices":["try","catch","virtual","private"],"difficulty":"E","weight":10}
{"_id":{"$oid":"5dd3792dd2dfaaa776485b07"},"question":"when was java invented?","answer":"1991","choices":["1890","1900","1980","1991"],"difficulty":"E","weight":10}
{"_id":{"$oid":"5dd3792dd2dfaaa776485b08"},"question":"What is the numerical range of a char?","answer":"0 to 65535","choices":["0 to 65535","0 to 32767","-128 to 127","none of the above"],"difficulty":"M","weight":20}
{"_id":{"$oid":"5dd3792dd2dfaaa776485b09"},"question":"Which is the valid declarations within an interface definition?","answer":"public double methoda();","choices":["public double methoda();","public final double methoda();","static void methoda(double d1);","protected void methoda(double d1);"],"difficulty":"H","weight":30}
{"_id":{"$oid":"5dd3792dd2dfaaa776485b0a"},"question":"Which is a reserved word in the Java programming language?","answer":"native","choices":["method","native","subclasses","reference"],"difficulty":"M","weight":20}
