{"_id":{"$oid":"5dcbd0189e3092461f56beb5"},"testName":"java2","createdAt":{"$date":"2019-11-11T00:00:00.000Z"},"expiresAt":{"$date":"2019-11-16T00:00:00.000Z"},"topicId":"5dca6dc3a8fcaf312d2865d9","topicName":"java","users":[{},{}],"_class":"com.stackroute.hrservice.model.UserTest"}
{"_id":{"$oid":"5dcbd04e9e3092461f56beb7"},"testName":"java2","createdAt":{"$date":"2019-11-11T00:00:00.000Z"},"expiresAt":{"$date":"2019-11-16T00:00:00.000Z"},"topicId":"5dca6dc3a8fcaf312d2865d9","topicName":"java","users":[{"_id":{"$oid":"5dca396127670ed5007b782f"},"status":"N"},{"_id":{"$oid":"5dca397c27670ed5007b7830"},"status":"C"}],"_class":"com.stackroute.hrservice.model.UserTest"}
{"_id":{"$oid":"5dcbd0999e3092461f56beb8"},"testName":"java3","createdAt":{"$date":"2019-11-11T00:00:00.000Z"},"expiresAt":{"$date":"2019-11-16T00:00:00.000Z"},"topicId":"5dca6dc3a8fcaf312d2865d9","topicName":"java","users":[{"_id":{"$oid":"5dca396127670ed5007b782f"},"status":"N"},{"_id":{"$oid":"5dca397c27670ed5007b7830"},"status":"E"}],"_class":"com.stackroute.hrservice.model.UserTest"}
{"_id":{"$oid":"5dd50f8e649bb60cde97c768"},"testName":"java","createdAt":{"$date":"2019-11-20T10:03:58.488Z"},"expiresAt":{"$date":"2019-11-27T10:03:58.488Z"},"topicId":"5dd37eeed2dfaaa776485bee","users":[{"_id":{"$oid":"5dca38de27670ed5007b782d"},"status":"N"},{"_id":{"$oid":"5dca396127670ed5007b782f"},"status":"N"},{"_id":{"$oid":"5dca39a027670ed5007b7831"},"status":"N"}],"_class":"com.stackroute.hrservice.model.UserTest"}
